gen,pop_size,TotalLostPackets_media,delayMedio_media,throughputMedioBPS_media,simulations_count
1, 5, 310.09714285714284, 0.009809695653074284, 1227786876.1652687, 4
2, 5, 345.25428571428563, 0.009886839412780003, 1240640525.8187253, 8
3, 5, 306.58914285714275, 0.009684624163557141, 1256397771.6208527, 12
4, 5, 361.4411428571428, 0.009601394983524, 1252696372.0122771, 16
5, 5, 304.74057142857134, 0.00933850546424, 1297594761.3529625, 20
6, 5, 294.5617142857143, 0.009392289811705144, 1308888980.0109785, 23
7, 5, 308.2839999999999, 0.008874370869162856, 1358176648.6734934, 27
8, 5, 319.6565714285714, 0.00869950171741543, 1401165732.8451185, 31
9, 5, 320.2325714285714, 0.009085280849565716, 1311467809.5397635, 34
10, 5, 291.3788571428571, 0.009021357564626286, 1328471929.7769358, 38
11, 5, 331.4839999999999, 0.008728726431175428, 1360903409.302453, 42
12, 5, 271.8548571428571, 0.00887633546090857, 1394767539.456514, 45
13, 5, 278.01542857142846, 0.008659131501787428, 1368410795.3199706, 49
14, 5, 254.77142857142852, 0.008749853261686858, 1363515152.444697, 52
15, 5, 266.61714285714277, 0.009174401233557145, 1326490538.1564322, 56
16, 5, 267.19771428571426, 0.009545332801185713, 1285510362.416939, 60
17, 5, 297.76000000000005, 0.009442387913176569, 1299406427.8326576, 63
18, 5, 284.1211428571429, 0.009100420060975431, 1339220964.8574636, 67
19, 5, 322.5582857142857, 0.008811099426423432, 1449210303.1250885, 70
20, 5, 238.68285714285713, 0.009397227969058288, 1348729723.2636635, 74
21, 5, 266.76685714285713, 0.009007001827837712, 1356788431.1838076, 77
22, 5, 287.05942857142855, 0.009125006428733713, 1396224330.3956661, 81
23, 5, 271.328, 0.00891172052318686, 1424449240.1033106, 84
24, 5, 277.3297142857142, 0.009094344015904572, 1392742609.7763052, 88
25, 5, 335.0514285714286, 0.009272948138651997, 1408280585.4906127, 92
26, 5, 382.0422857142857, 0.009353259549886285, 1391583134.5013795, 95
27, 5, 386.12571428571425, 0.00890503574096743, 1496705591.7506332, 99
28, 5, 324.50971428571427, 0.009167107149142288, 1379619757.2366161, 102
29, 5, 323.32799999999986, 0.009506312759862287, 1297800867.71794, 106
30, 5, 400.32628571428575, 0.009209681335781714, 1358160523.6424341, 109
31, 5, 397.82514285714285, 0.009524363138396571, 1336123877.994929, 113
32, 5, 327.4702857142857, 0.009808722340114285, 1253337634.1198628, 117
33, 5, 321.31428571428563, 0.009431383891439998, 1301768152.2891335, 120
34, 5, 291.61771428571427, 0.009836925989745712, 1219002737.9276865, 123
35, 5, 296.6891428571428, 0.009526691083542857, 1300975444.4994388, 127
36, 5, 273.41714285714284, 0.009855995710070285, 1221916182.2102757, 131
37, 5, 296.9182857142857, 0.009454577690358283, 1290645439.6445882, 134
38, 5, 294.0217142857143, 0.00982696495584857, 1251449666.3665335, 138
39, 5, 283.52400000000006, 0.009588881430031998, 1269484124.1418417, 142
40, 5, 351.6502857142857, 0.00968853900851543, 1274069637.257944, 145
41, 5, 311.8605714285715, 0.009687289559151997, 1282663226.1752784, 149
42, 5, 308.15657142857145, 0.010191796259098855, 1273605777.3273954, 152
43, 5, 355.82114285714283, 0.010391970375188568, 1210046376.2020314, 156
44, 5, 325.4222857142857, 0.010413460433063997, 1237287155.9998438, 159
45, 5, 281.1828571428572, 0.009736136629049714, 1252034176.3582044, 163
46, 5, 300.11371428571437, 0.009802153397784, 1350565519.211007, 166
47, 5, 308.7274285714286, 0.009873250615405142, 1250833308.6302223, 170
48, 5, 378.23771428571433, 0.010090242409914857, 1231733580.5927007, 173
49, 5, 355.45657142857146, 0.009690626089290858, 1280553047.2315633, 177
50, 5, 361.55714285714285, 0.009690626089290858, 1942614095.087897, 181
1, 10, 322.92342857142853, 0.011084408029598859, 1115555901.5829916, 9
2, 10, 329.1205714285714, 0.011390322169844574, 1086005028.6008575, 18
3, 10, 330.7942857142857, 0.011694794622409143, 1042524355.8918537, 27
4, 10, 315.4937142857143, 0.011772437648356, 1037215754.370533, 35
5, 10, 346.9337142857143, 0.011661608197463431, 1041553651.1250409, 44
6, 10, 334.7428571428572, 0.012275141808278857, 1000534509.9565846, 52
7, 10, 291.01028571428566, 0.011899223614768003, 1019944399.1312726, 60
8, 10, 319.4668571428572, 0.011964409907660567, 1034365624.4424539, 69
9, 10, 309.1394285714285, 0.011910099440699427, 1049632062.530436, 77
10, 10, 326.3622857142857, 0.011511949086842855, 1084077605.2030532, 85
11, 10, 354.9977142857144, 0.011883744541059425, 1055916244.761683, 93
12, 10, 408.2902857142859, 0.011963807627003427, 1042270340.9310443, 101
13, 10, 385.9245714285714, 0.011646753699021142, 1079067723.3815272, 108
14, 10, 334.62799999999993, 0.01178877984396457, 1063245644.468346, 116
15, 10, 326.31828571428565, 0.011592525707453142, 1101584656.1913018, 124
16, 10, 327.88228571428573, 0.011072316274958858, 1141375272.7401748, 131
17, 10, 307.7942857142857, 0.011386957275954285, 1102583242.5026193, 139
18, 10, 348.3468571428572, 0.011624725968578857, 1067110973.501362, 146
19, 10, 349.7028571428571, 0.011359891228939427, 1113044990.694648, 154
20, 10, 379.7754285714286, 0.01138538378958857, 1116706093.7885895, 161
21, 10, 326.2634285714284, 0.010893874409027431, 1157469937.0869696, 169
22, 10, 285.75314285714285, 0.011568588471429142, 1081670998.9534478, 177
23, 10, 338.3194285714285, 0.011739837908880573, 1080582426.937229, 184
24, 10, 351.4679999999999, 0.011511518264671429, 1106462168.4116306, 192
25, 10, 321.96, 0.01166104404643886, 1081744274.2829506, 199
26, 10, 300.9097142857143, 0.011412067914127999, 1092855488.0031617, 207
27, 10, 311.9765714285714, 0.011835607687339432, 1040732131.9617707, 215
28, 10, 326.29542857142854, 0.011702541323354288, 1059420804.1247476, 222
29, 10, 330.1068571428571, 0.01189897836747143, 1048684116.0645242, 230
30, 10, 332.0342857142858, 0.012028874511342855, 1035746766.0493689, 237
31, 10, 336.1845714285714, 0.011913258986605713, 1049292819.0474129, 245
32, 10, 338.2382857142857, 0.011946841315016572, 1046309755.374007, 252
33, 10, 317.24742857142854, 0.011763344896976571, 1045922751.132055, 260
34, 10, 329.73314285714275, 0.011630973608759428, 1053521367.8339347, 267
35, 10, 295.25714285714287, 0.011700079163007996, 1065163765.2393904, 275
36, 10, 290.91142857142853, 0.011285564261582852, 1099003870.4873748, 283
37, 10, 310.1862857142857, 0.011601125772850284, 1075313215.9557743, 290
38, 10, 303.9645714285714, 0.01148866687066457, 1075855733.644357, 297
39, 10, 322.7977142857142, 0.011542913798342287, 1076267440.5715854, 305
40, 10, 308.77485714285706, 0.011638350164415428, 1067126991.4613403, 312
41, 10, 332.6822857142856, 0.011314422105748002, 1111680237.3319528, 318
42, 10, 337.45771428571425, 0.011420265635706856, 1107302960.5586774, 325
43, 10, 310.7605714285713, 0.01117592703991943, 1114679268.0965316, 332
44, 10, 316.5234285714285, 0.011203910056634285, 1114418118.7907379, 339
45, 10, 306.33428571428567, 0.011119281262858858, 1121444324.4278734, 346
46, 10, 299.75828571428565, 0.010881438674426855, 1141115829.0233185, 353
47, 10, 351.6531428571428, 0.011205591656307997, 1121000569.7839503, 361
48, 10, 330.20914285714287, 0.011155362254100569, 1120878529.3517654, 368
49, 10, 286.9342857142857, 0.010990265872117712, 1145808645.7506766, 374
50, 10, 301.42399999999999, 0.010990265872114712, 1984228286.75005, 382
1, 15, 320.94000000000005, 0.01196941827002286, 997308772.5383844, 14
2, 15, 327.56857142857143, 0.012126459745492573, 990102544.8745875, 27
3, 15, 285.7028571428571, 0.012355409939781715, 983518354.9303293, 41
4, 15, 274.6222857142857, 0.01237785546174286, 993411817.7851307, 54
5, 15, 286.4348571428571, 0.01224114774200457, 1002553614.8773792, 67
6, 15, 295.19999999999976, 0.012504813477158283, 975188369.065299, 80
7, 15, 309.4314285714284, 0.012693993441973712, 973009020.6632019, 93
8, 15, 332.28914285714285, 0.012206874512785707, 1019556387.7666366, 105
9, 15, 320.84057142857137, 0.012626923593161709, 983123672.2157302, 117
10, 15, 291.1119999999999, 0.01261975667468514, 975250515.349993, 129
11, 15, 304.31942857142855, 0.012467601649437714, 997575682.1618707, 141
12, 15, 332.5897142857143, 0.01280940971833028, 964487456.2918766, 153
13, 15, 345.61199999999997, 0.012765265725063995, 967594212.58599, 165
14, 15, 333.8731428571428, 0.012418611471674286, 990521366.4462665, 176
15, 15, 320.1188571428571, 0.012411054090781139, 980242903.9414896, 188
16, 15, 348.3217142857143, 0.012686005494375999, 978612239.3236396, 199
17, 15, 339.86057142857135, 0.01248942353028971, 986793163.929552, 210
18, 15, 341.63771428571425, 0.012151972284150854, 1026035043.6160442, 221
19, 15, 384.9862857142856, 0.012344985654272571, 1013650716.5970076, 232
20, 15, 366.50057142857133, 0.011980854925892, 1041318302.662064, 243
21, 15, 333.61199999999985, 0.011986393292910286, 1034382724.1352195, 254
22, 15, 340.1754285714285, 0.012138561524132573, 1012610981.8493918, 265
23, 15, 351.06799999999987, 0.012361351879675431, 1009629980.9749084, 275
24, 15, 346.30742857142855, 0.01197970663902857, 1043066342.4932923, 286
25, 15, 323.4891428571428, 0.012009891747779427, 1035694870.0541905, 296
26, 15, 360.5942857142856, 0.01224298920134571, 1025735257.3389633, 306
27, 15, 361.81371428571424, 0.012581890412491999, 1006370371.3921072, 317
28, 15, 318.1942857142856, 0.012377228836110286, 1014662383.1668555, 328
29, 15, 327.7674285714284, 0.01242344489868457, 1017678126.6159656, 338
30, 15, 342.6068571428571, 0.012566362509601716, 1003937330.2424937, 349
31, 15, 333.8754285714286, 0.012480501318467426, 1006944021.8728082, 359
32, 15, 293.1205714285714, 0.012245331145664567, 1015538868.2805297, 369
33, 15, 323.2011428571427, 0.012276477828268573, 1024456491.4920627, 380
34, 15, 321.4297142857141, 0.012333758630531998, 1015547075.205548, 390
35, 15, 323.9245714285713, 0.012720992847671428, 987167463.0454494, 401
36, 15, 290.12285714285713, 0.012468400833706856, 987230793.0264343, 412
37, 15, 320.3799999999999, 0.012508971820113714, 1000468192.9976097, 422
38, 15, 332.00114285714267, 0.012308180485804, 1022724873.9341381, 433
39, 15, 310.17942857142845, 0.012023548666310856, 1040520289.5917172, 444
40, 15, 319.27085714285704, 0.011993744946298856, 1041570053.1691158, 455
41, 15, 348.12628571428564, 0.011998110420370857, 1041785130.0060165, 465
42, 15, 285.0719999999999, 0.011956967878156, 1025277248.719445, 476
43, 15, 314.0994285714285, 0.01222490040992629, 998755349.9827721, 486
44, 15, 334.80571428571426, 0.012225594861288573, 1022374670.2967964, 496
45, 15, 308.16342857142854, 0.012343176760172573, 1014531824.0970366, 506
46, 15, 343.72971428571424, 0.01214631892473714, 1020945489.0234834, 516
47, 15, 304.81828571428554, 0.012299509377026858, 1015397331.2727889, 526
48, 15, 301.9514285714285, 0.012223697781514857, 1019052196.1977724, 536
49, 15, 315.1914285714285, 0.011822084520929713, 1051651390.5874325, 546
50, 15, 334.6737142857143, 0.011822084520219713, 1610439819.637514, 557
1, 20, 301.0160000000001, 0.011945043407559426, 983239522.3823493, 18
2, 20, 272.61885714285705, 0.011989243517270853, 983534230.8014963, 37
3, 20, 290.3314285714285, 0.012542159724128001, 962634911.9836361, 55
4, 20, 319.024, 0.012732770835862859, 954041517.4734632, 73
5, 20, 317.77257142857144, 0.012591024013863427, 959778685.2728753, 91
6, 20, 286.4548571428571, 0.012484785458274856, 971040237.4107654, 109
7, 20, 347.7559999999999, 0.012595784424385713, 972345030.5066813, 127
8, 20, 346.0097142857142, 0.012865489622121716, 959824788.4020927, 145
9, 20, 327.51371428571423, 0.012796427896830284, 963112748.4620067, 162
10, 20, 317.08685714285707, 0.012501276825421716, 972612475.468144, 180
11, 20, 340.8931428571429, 0.01297050517799257, 957724862.5515178, 197
12, 20, 347.84514285714295, 0.012986809174301143, 953314872.3730822, 214
13, 20, 369.66342857142877, 0.012938311264427425, 963464475.516357, 231
14, 20, 367.9325714285714, 0.01285387883340971, 967729730.0675119, 248
15, 20, 355.1097142857141, 0.012752368665801136, 966427096.8371266, 265
16, 20, 388.6731428571428, 0.012733369821097143, 972957120.6970704, 281
17, 20, 351.20685714285713, 0.012601194816808003, 982206516.0291319, 297
18, 20, 326.6651428571429, 0.012570228756760574, 982598099.8235234, 313
19, 20, 322.5371428571428, 0.012606816165521714, 976925866.6086721, 329
20, 20, 335.48228571428575, 0.012856829476220001, 957374579.3828508, 345
21, 20, 323.58799999999997, 0.012719468948769146, 952828619.9115866, 361
22, 20, 329.04400000000004, 0.012830765479975432, 956111744.9432902, 376
23, 20, 341.21485714285706, 0.012991708387669713, 951868709.3496785, 392
24, 20, 352.7222857142856, 0.012815015592208571, 961268379.9625709, 407
25, 20, 358.2902857142857, 0.012876732782095428, 977521693.3455272, 423
26, 20, 386.5177142857143, 0.013018034782492574, 976917698.5163924, 438
27, 20, 342.3377142857142, 0.012921346759577717, 972777415.2325814, 453
28, 20, 345.7468571428572, 0.012450040757204574, 1001179959.1017299, 468
29, 20, 355.2737142857142, 0.012806335224677716, 983487449.985896, 483
30, 20, 338.152, 0.012793489628914287, 982350994.615926, 498
31, 20, 330.3931428571429, 0.01252820267194057, 992108045.8838266, 513
32, 20, 308.38457142857123, 0.01277603306525486, 962202476.927879, 528
33, 20, 343.5685714285714, 0.012589859194250857, 975528979.8231828, 543
34, 20, 341.0251428571427, 0.01250098197723657, 1002803862.3581167, 557
35, 20, 331.72171428571426, 0.0124310400363, 1007235581.8549038, 572
36, 20, 328.1702857142857, 0.012574024640804572, 996641643.5645467, 587
37, 20, 330.9331428571428, 0.012609639006327434, 991893364.5975679, 602
38, 20, 295.4359999999999, 0.012356564655225714, 998855822.5270102, 616
39, 20, 329.7182857142855, 0.01239814963939543, 1013261796.9677172, 630
40, 20, 334.6657142857141, 0.01247233180173543, 1011978702.0116447, 644
41, 20, 308.4171428571428, 0.012214725526799999, 1024541033.8660871, 658
42, 20, 310.40742857142845, 0.012265128650472574, 1006038369.4875462, 672
43, 20, 311.3514285714285, 0.01220860443235086, 1007234640.4588658, 685
44, 20, 336.0468571428569, 0.012357935247950858, 1007271992.5541991, 699
45, 20, 316.2851428571427, 0.012372935949563426, 1006500508.356932, 713
46, 20, 335.390857142857, 0.012551540233955428, 1000292356.2873791, 726
47, 20, 340.35371428571415, 0.01249555313042743, 986687422.3185322, 739
48, 20, 357.8137142857142, 0.012541397698825143, 984574332.2859387, 752
49, 20, 365.10285714285715, 0.012607697078670859, 984456560.365454, 766
50, 20, 333.572, 0.012607697072610859, 1909345583.8720107, 779
1, 25, 278.9845714285713, 0.012241331773758286, 965254708.5642531, 23
2, 25, 281.5525714285714, 0.012551933698733144, 944018666.2922812, 47
3, 25, 301.73885714285706, 0.012922711528120577, 925629738.3287442, 70
4, 25, 287.2371428571428, 0.01280816231541543, 932174469.4837073, 93
5, 25, 277.69142857142856, 0.012854562268779426, 930121026.1614432, 116
6, 25, 291.96514285714284, 0.012886995172647995, 927575331.4758165, 139
7, 25, 328.33142857142855, 0.01300609658846228, 926831762.8812181, 161
8, 25, 309.73885714285706, 0.012848733014049716, 934859492.6786805, 182
9, 25, 335.88685714285714, 0.012993061306671431, 930616460.8366011, 204
10, 25, 346.1919999999999, 0.01314092618468686, 930160559.3011105, 225
11, 25, 330.2788571428571, 0.012992006504012001, 935119693.3801695, 246
12, 25, 331.3159999999999, 0.012934873629045147, 945729585.7324313, 268
13, 25, 314.9394285714285, 0.012813838752952576, 944952074.0935962, 288
14, 25, 331.14399999999995, 0.012629039915165714, 949614693.130741, 308
15, 25, 372.47714285714284, 0.013069201815222285, 938280652.9027561, 328
16, 25, 352.75542857142847, 0.013083458394833719, 932911532.70223, 347
17, 25, 321.2725714285714, 0.012886041713749716, 944636237.753848, 367
18, 25, 297.984, 0.013030191891322858, 942140073.4717841, 386
19, 25, 307.0497142857142, 0.012663924897541146, 972658641.2649301, 406
20, 25, 303.6971428571427, 0.012692371279452004, 958603836.9802132, 424
21, 25, 301.7051428571427, 0.01273985895353943, 963918313.803341, 443
22, 25, 289.9622857142856, 0.012628949953434858, 966092659.4831177, 461
23, 25, 306.33428571428567, 0.012890612009105715, 949903079.6656913, 480
24, 25, 325.9542857142856, 0.012712518836066286, 969485945.3010296, 499
25, 25, 333.4079999999999, 0.012617049666688, 983159622.3109683, 517
26, 25, 348.6982857142856, 0.012595764094477713, 989089543.1679084, 536
27, 25, 339.49085714285707, 0.013010636008175432, 963221754.0015204, 554
28, 25, 336.4845714285714, 0.012538790613117719, 996811581.0639734, 572
29, 25, 294.62228571428557, 0.012688346134125143, 975858852.1303898, 590
30, 25, 313.06285714285707, 0.012564278639492572, 979968063.7250359, 609
31, 25, 357.79142857142847, 0.012582030962638284, 990585618.7870483, 626
32, 25, 354.4451428571428, 0.012704795079324, 989136268.6037118, 644
33, 25, 359.46342857142844, 0.012762812866206858, 991575633.4914013, 662
34, 25, 343.5794285714285, 0.012743700031979433, 978736178.1029745, 680
35, 25, 349.7662857142857, 0.01265024977104229, 988876473.6891958, 697
36, 25, 395.0622857142857, 0.012723348237704575, 976575329.3258063, 715
37, 25, 422.45599999999996, 0.012784385214821146, 986416273.0571318, 732
38, 25, 393.9331428571428, 0.012863647847242858, 981815355.704779, 749
39, 25, 387.52857142857135, 0.012753618396486859, 983774547.2705369, 766
40, 25, 343.1594285714285, 0.012655616941053714, 978231162.5620499, 784
41, 25, 358.27714285714285, 0.012759509815338861, 980448046.4628367, 801
42, 25, 335.736, 0.012711470639060576, 978391256.3044165, 819
43, 25, 319.4177142857142, 0.012679297518072001, 977274717.6679975, 835
44, 25, 333.7857142857142, 0.012752943497069142, 981877568.2018832, 852
45, 25, 326.98057142857135, 0.012609082651930859, 986096086.0721518, 869
46, 25, 372.6085714285713, 0.012846366498888574, 970114970.1528355, 886
47, 25, 370.11714285714277, 0.012971367488597145, 964546257.3830974, 903
48, 25, 364.1885714285714, 0.012719413545745718, 977109499.8054591, 920
49, 25, 347.05142857142846, 0.012585053086533715, 975412568.6337581, 937
50, 25, 350.92742857142858, 0.012665084737416572, 2010120566.7488303, 953
1, 30, 276.99085714285707, 0.012580042844377718, 939513259.492485, 28
2, 30, 252.47714285714275, 0.012779645293696573, 917471281.343291, 57
3, 30, 274.0205714285714, 0.012975072542459998, 913012701.7846534, 85
4, 30, 275.5999999999999, 0.013006961120991428, 920805429.7533967, 112
5, 30, 290.25028571428567, 0.013177334469904574, 911525124.8041786, 140
6, 30, 281.45085714285705, 0.013263413827645147, 909784027.5095035, 167
7, 30, 289.45714285714274, 0.013237170249084001, 908420478.2117459, 194
8, 30, 266.79771428571416, 0.013047734652618284, 914626375.6084497, 221
9, 30, 288.80228571428563, 0.013144032405742287, 915655431.6322745, 247
10, 30, 291.618857142857, 0.013175283920128573, 914786023.8510845, 273
11, 30, 300.82457142857135, 0.013138912174235432, 924373881.6921479, 299
12, 30, 302.5599999999999, 0.01320410929185543, 916693081.3027754, 324
13, 30, 299.4074285714285, 0.013070033397425143, 921764495.5682834, 349
14, 30, 294.97257142857126, 0.012823572047665141, 929832255.7745445, 373
15, 30, 283.1479999999999, 0.01291120644588743, 926239103.7690936, 398
16, 30, 276.5577142857142, 0.012846552967833711, 930333026.3306459, 422
17, 30, 284.0422857142857, 0.01278135248117771, 937112064.9149196, 446
18, 30, 305.6537142857142, 0.01289201405525314, 933639312.2385706, 470
19, 30, 297.79371428571426, 0.012904200128003425, 929029192.4318383, 493
20, 30, 290.78342857142854, 0.012941771043783997, 935123670.269156, 516
21, 30, 300.82228571428567, 0.013017809599627433, 935626994.5572678, 539
22, 30, 309.64799999999997, 0.012952391317548573, 923480513.9885097, 562
23, 30, 295.7651428571428, 0.012785236339399429, 933951457.5761627, 585
24, 30, 316.8297142857142, 0.012918405492359428, 928817272.6426859, 607
25, 30, 310.76228571428555, 0.012904557542342286, 935272584.6716571, 629
26, 30, 332.8702857142855, 0.013036052423015998, 936962725.705166, 651
27, 30, 323.5342857142856, 0.01296457556571143, 953979112.7455659, 672
28, 30, 326.93542857142853, 0.012845095819724001, 951598159.8916564, 693
29, 30, 352.34457142857144, 0.012988990282422291, 940796902.0518761, 715
30, 30, 338.3354285714285, 0.012879831386853719, 944092991.6769699, 736
31, 30, 339.15085714285703, 0.012931200467085718, 942713616.1984198, 759
32, 30, 346.1731428571428, 0.013031023363367436, 942643039.7326573, 781
33, 30, 327.51942857142853, 0.013028678877968573, 952752578.708205, 802
34, 30, 375.0217142857143, 0.013304864350717715, 941064929.8061229, 824
35, 30, 340.84342857142855, 0.012973377451668003, 945646690.3523598, 844
36, 30, 310.02799999999985, 0.012934631570189717, 943950076.4292053, 866
37, 30, 347.09485714285705, 0.013198580401661714, 942802181.7997222, 887
38, 30, 313.2165714285714, 0.013184146862001145, 936861142.5736824, 907
39, 30, 310.85542857142855, 0.013198429020760002, 943736095.2339324, 928
40, 30, 335.134857142857, 0.013297219984566854, 943145639.6671572, 949
41, 30, 346.85485714285704, 0.013066288283837713, 944436137.9446498, 969
42, 30, 331.976, 0.01311587634169886, 942718542.6833212, 989
43, 30, 333.904, 0.013166897819264577, 942878069.1430824, 1008
44, 30, 339.501142857143, 0.01309115622300229, 948479267.0176499, 1028
45, 30, 331.07942857142865, 0.012828579806093716, 955938456.6610483, 1048
46, 30, 324.1782857142857, 0.012881055624386859, 943921160.7035583, 1068
47, 30, 323.3674285714285, 0.012809984089377715, 943691563.511006, 1087
48, 30, 325.9251428571428, 0.012695345543940003, 948439473.3590764, 1107
49, 30, 323.2588571428571, 0.012829146066602858, 947305722.8141502, 1126
50, 30, 323.55485714285713, 0.013414688800133139, 1970655947.4608626, 1146
1, 35, 257.0554285714285, 0.012937997391835423, 910142095.3934276, 33
2, 35, 287.2268571428571, 0.012880821325620571, 917644884.7581215, 67
3, 35, 272.4079999999999, 0.012980857701943429, 906459944.5483454, 100
4, 35, 275.9508571428571, 0.012998708362519998, 911023962.9382396, 132
5, 35, 279.56628571428575, 0.013200351607990284, 907428392.207289, 165
6, 35, 283.90342857142844, 0.013117329755402855, 914568724.2478887, 197
7, 35, 324.4462857142857, 0.013316101028136573, 913371633.6622722, 229
8, 35, 326.58514285714284, 0.013379477503517711, 914712222.5091399, 261
9, 35, 393.5314285714286, 0.013246472577272, 913443334.1771114, 292
10, 35, 316.11999999999983, 0.01325192618965943, 920385840.7655177, 323
11, 35, 307.3674285714284, 0.013257653534956006, 919654386.1878023, 354
12, 35, 308.7005714285713, 0.013143562711821148, 920895708.3036212, 384
13, 35, 264.05657142857143, 0.013089243331095426, 921397563.7652717, 414
14, 35, 293.1085714285714, 0.013006306026516572, 915696024.4280765, 444
15, 35, 299.430857142857, 0.013157617970765144, 911844487.7145145, 474
16, 35, 301.73999999999984, 0.013420623838753719, 912983446.1993384, 503
17, 35, 277.80228571428563, 0.01331131167876971, 911858557.9314663, 532
18, 35, 321.1708571428571, 0.013128803349523996, 927208963.8726342, 561
19, 35, 303.7314285714286, 0.012979718100232568, 931383268.3705956, 590
20, 35, 297.12114285714284, 0.012966656369303999, 931284656.0952512, 618
21, 35, 313.3485714285713, 0.013129327010274855, 922738133.5002146, 647
22, 35, 341.9582857142856, 0.013118471372873718, 927409748.4165074, 675
23, 35, 320.1662857142856, 0.013270013062671435, 926557892.1694784, 702
24, 35, 325.93085714285706, 0.013174685832726287, 924294618.223485, 729
25, 35, 326.4011428571428, 0.01295300613999886, 935221057.5114802, 757
26, 35, 313.7125714285714, 0.013064653475644575, 929413610.9692867, 784
27, 35, 307.336, 0.012781658560761713, 955812251.3652725, 810
28, 35, 330.79028571428563, 0.013152558881676, 935761181.0039777, 837
29, 35, 349.06571428571414, 0.013278424547216004, 936513709.7142596, 863
30, 35, 338.5085714285714, 0.013016798947457142, 952135100.0988415, 888
31, 35, 314.388, 0.012985571810202856, 940906279.713994, 913
32, 35, 330.53885714285707, 0.012883280534375999, 953860453.1002954, 938
33, 35, 334.5502857142856, 0.013017265780857717, 954944694.4394399, 963
34, 35, 363.7342857142857, 0.013085158930412002, 961001269.2169254, 988
35, 35, 306.2782857142856, 0.01315435393863029, 942868885.5979358, 1013
36, 35, 316.6148571428569, 0.013254050379676006, 936581434.0104259, 1038
37, 35, 334.5662857142855, 0.012927302354464576, 958408536.0852908, 1062
38, 35, 310.72114285714287, 0.012709253800989717, 962857290.2866626, 1086
39, 35, 328.1657142857142, 0.012738379948756574, 964042133.6421798, 1111
40, 35, 339.37085714285706, 0.01287983567890343, 960920011.485157, 1135
41, 35, 325.31371428571424, 0.012759534298176577, 959215537.501613, 1158
42, 35, 358.6268571428571, 0.012805341140692005, 969245714.8380955, 1183
43, 35, 324.01599999999985, 0.012646146781554856, 969094948.0304445, 1207
44, 35, 302.5925714285714, 0.012835158483835428, 955992799.2413762, 1232
45, 35, 301.48571428571427, 0.012740110111521718, 951255394.1164474, 1255
46, 35, 310.84342857142855, 0.012912118496064575, 947467020.5655257, 1278
47, 35, 321.2577142857142, 0.012723877273728574, 953408612.6889443, 1302
48, 35, 330.568, 0.012725648232519999, 956334049.28864, 1326
49, 35, 331.3862857142857, 0.012766418082926285, 955505201.9204718, 1349
50, 35, 379.7668571428571, 0.01346220511932571, 1697480819.227165, 1372
1, 40, 272.42685714285705, 0.012900009850557144, 910232880.9519066, 38
2, 40, 276.9594285714285, 0.012963079409392573, 903230223.644526, 76
3, 40, 220.15200000000002, 0.012820128205135433, 895219022.229831, 114
4, 40, 217.11142857142852, 0.013039742473445715, 889915799.349582, 151
5, 40, 267.4674285714285, 0.013043415821891429, 907584700.6266354, 188
6, 40, 259.52342857142855, 0.013079824059834854, 900205662.3479213, 226
7, 40, 272.56057142857134, 0.013064069334245141, 898277515.3842853, 262
8, 40, 271.4514285714284, 0.013250186059261143, 899144409.411135, 298
9, 40, 269.7662857142856, 0.013131805171549146, 904157060.3901529, 334
10, 40, 304.5805714285713, 0.013150065048601143, 904779985.0882529, 370
11, 40, 286.14857142857136, 0.01329391265994857, 904936629.2961373, 405
12, 40, 311.73314285714287, 0.013250967020181146, 904590434.6429775, 440
13, 40, 325.0999999999999, 0.013440539493166285, 902402262.358041, 475
14, 40, 310.85999999999996, 0.013209711913388003, 917283765.258487, 508
15, 40, 305.52228571428566, 0.013273661684450289, 905888388.1068811, 542
16, 40, 277.3011428571428, 0.013201144165473714, 905337026.2073319, 575
17, 40, 286.2651428571427, 0.01306839884360971, 917510100.6323597, 608
18, 40, 289.9262857142856, 0.013004630875802857, 920558126.5610404, 641
19, 40, 295.65028571428564, 0.01303710435427257, 918197198.178373, 673
20, 40, 297.15999999999985, 0.013190272431190858, 919210475.617638, 704
21, 40, 277.76799999999986, 0.01318210491532343, 918413227.6439335, 734
22, 40, 340.1725714285714, 0.013129467688179425, 922250831.6758063, 764
23, 40, 312.02628571428573, 0.013009873581577713, 927111852.9611226, 793
24, 40, 317.1834285714286, 0.013187986583085717, 920997777.1672566, 822
25, 40, 296.2674285714285, 0.013020829557750285, 920601221.9442949, 852
26, 40, 321.1217142857141, 0.012810239518206857, 926500333.4440302, 880
27, 40, 305.1388571428571, 0.012785743559043428, 925982152.7005806, 909
28, 40, 302.89085714285704, 0.012976999455405142, 924278413.4487649, 938
29, 40, 273.15085714285703, 0.012967273428236002, 925724718.3803735, 966
30, 40, 281.86342857142847, 0.01306060851764743, 926681513.0165344, 994
31, 40, 280.4617142857142, 0.013006367140674286, 921217381.0080762, 1021
32, 40, 305.8794285714285, 0.013113204787066282, 921104846.7971945, 1048
33, 40, 292.9519999999999, 0.013177442409288, 924169141.6788528, 1075
34, 40, 281.7685714285714, 0.013044230696306286, 936039299.4226375, 1102
35, 40, 284.08457142857134, 0.013094742057510282, 929643340.6475854, 1128
36, 40, 277.51257142857133, 0.01290978587470629, 930505215.0402417, 1154
37, 40, 293.2719999999999, 0.013004152404318854, 924935482.2905798, 1180
38, 40, 295.59428571428566, 0.013224845526094282, 923426531.7994152, 1206
39, 40, 306.78057142857136, 0.013147730460802856, 926048528.80515, 1232
40, 40, 309.7594285714285, 0.013095517905798857, 940180925.758691, 1258
41, 40, 308.0651428571427, 0.013083338813281713, 935368032.3985269, 1284
42, 40, 296.3531428571427, 0.013086583535649144, 929019983.6292104, 1309
43, 40, 292.99371428571425, 0.013048708557358285, 926542795.8000939, 1334
44, 40, 291.2605714285713, 0.013045896454590856, 922711367.9847063, 1359
45, 40, 300.266857142857, 0.01311459283385943, 921426254.3827691, 1384
46, 40, 275.5165714285714, 0.012961961030892574, 927141151.7159506, 1409
47, 40, 285.07942857142854, 0.013128750492832004, 929128738.1868862, 1432
48, 40, 321.5959999999999, 0.012951532731838291, 928622922.9708868, 1456
49, 40, 310.9565714285713, 0.01300858397119657, 930348930.590596, 1479
50, 40, 301.01142857142855, 0.013130565943638284, 1939436887.2685096, 1503
1, 45, 265.66857142857145, 0.013006058132629143, 902724666.9231057, 43
2, 45, 268.36571428571426, 0.012916307185235999, 908667649.1585717, 86
3, 45, 254.26628571428574, 0.012908486956518283, 900867361.6744152, 128
4, 45, 254.7137142857144, 0.013160518781455428, 889578507.794371, 170
5, 45, 262.0611428571429, 0.013123933628088568, 901673708.1418161, 213
6, 45, 260.4348571428571, 0.013159093288592565, 893497729.7629608, 255
7, 45, 265.40742857142845, 0.013151859482803998, 886759001.4246528, 296
8, 45, 271.44571428571425, 0.013171486335843998, 890888017.497561, 337
9, 45, 278.7314285714285, 0.013001579412537139, 897562231.6672369, 377
10, 45, 272.7639999999999, 0.012955361494602281, 905417209.5312607, 416
11, 45, 283.5657142857142, 0.013172974066490284, 901588003.4681767, 456
12, 45, 311.00114285714284, 0.013191805307242283, 908357895.1685175, 495
13, 45, 285.6274285714285, 0.013223821904043422, 908405259.7430167, 534
14, 45, 299.7234285714284, 0.013377092573515428, 904914829.5628314, 572
15, 45, 287.1028571428571, 0.013318369117727429, 903597420.3542643, 610
16, 45, 255.78799999999998, 0.013205139304158292, 904678974.4899777, 647
17, 45, 287.11885714285717, 0.013374350578833141, 906770155.0726674, 684
18, 45, 276.59771428571423, 0.013296117577355427, 901898496.2841278, 721
19, 45, 244.31599999999992, 0.013102317334738855, 906888834.8506384, 756
20, 45, 293.28914285714274, 0.013319181817600572, 914934741.4146233, 792
21, 45, 300.07885714285703, 0.013318062899291425, 922301063.0221306, 827
22, 45, 299.1119999999999, 0.01313877514572342, 924521401.8775923, 862
23, 45, 337.4862857142856, 0.012974339120891996, 931828541.0519955, 897
24, 45, 328.3491428571428, 0.01309963917928571, 931715118.8958794, 931
25, 45, 309.2217142857142, 0.013263839766230284, 923408177.4449981, 965
26, 45, 316.4057142857142, 0.013119453592552571, 927002097.7162256, 998
27, 45, 313.71771428571424, 0.013064738099306283, 940609965.738946, 1031
28, 45, 334.58514285714284, 0.012957484236791996, 938637323.3842342, 1064
29, 45, 330.71428571428567, 0.012997826891735998, 941554389.8505425, 1096
30, 45, 341.2451428571428, 0.013173294900278859, 940159966.3837447, 1128
31, 45, 319.76228571428567, 0.013175118147373146, 937348339.9963301, 1160
32, 45, 316.5942857142856, 0.013014797652860574, 939259082.0931228, 1191
33, 45, 312.86057142857135, 0.013078304484542285, 933983144.3446349, 1223
34, 45, 303.32628571428563, 0.012841505665701716, 946258379.8887415, 1254
35, 45, 297.6611428571427, 0.01278738440276286, 949508920.8993492, 1284
36, 45, 299.84457142857127, 0.013167249087536, 929644989.1785275, 1314
37, 45, 307.6937142857142, 0.013168662328132573, 932424808.8642033, 1344
38, 45, 312.49371428571413, 0.013168889867065714, 947855905.0230658, 1374
39, 45, 341.550857142857, 0.013169710292777718, 943733282.4443076, 1404
40, 45, 340.4799999999999, 0.013001816904981709, 945640814.096913, 1432
41, 45, 295.5085714285713, 0.01283655768759257, 952503113.6246392, 1461
42, 45, 275.6994285714285, 0.012735116579693713, 951247221.6700959, 1490
43, 45, 354.9239999999999, 0.01300624333723943, 952615669.727908, 1517
44, 45, 329.4559999999999, 0.012908163578738285, 947615242.0711731, 1545
45, 45, 290.8514285714284, 0.012803740972514289, 944022613.8848137, 1572
46, 45, 296.96285714285716, 0.01278755681192514, 950810300.9980824, 1598
47, 45, 339.9217142857142, 0.012848418915428, 952546049.0805877, 1624
48, 45, 327.94685714285697, 0.012983223043879999, 940657441.7118802, 1651
49, 45, 297.31314285714285, 0.012600203365003428, 958643941.4646645, 1677
50, 45, 296.832, 0.01352442585618857, 1983334676.7017312, 1703
1, 50, 253.0005714285714, 0.012813182936585716, 903113188.0188022, 47
2, 50, 264.178857142857, 0.013063664763439429, 901605078.0639607, 95
3, 50, 251.80914285714272, 0.013146027252620573, 895995560.5084349, 143
4, 50, 273.604, 0.013039934898197148, 898859014.5639399, 190
5, 50, 288.4759999999999, 0.013425946094928006, 892567121.2062666, 237
6, 50, 319.03657142857134, 0.013665830847673715, 891214122.4928585, 283
7, 50, 354.816, 0.013438954498544575, 901457670.3910679, 329
8, 50, 330.7925714285715, 0.013245140179400572, 902827391.5794616, 374
9, 50, 310.1714285714286, 0.013269341557209713, 903103117.1075743, 418
10, 50, 303.16057142857136, 0.013375590921811424, 902735560.4782627, 462
11, 50, 302.4965714285713, 0.01346207212646914, 900732422.2436911, 506
12, 50, 300.24114285714273, 0.013378281433570853, 900696353.7540954, 549
13, 50, 285.64457142857134, 0.013314619173754854, 903077385.7403375, 592
14, 50, 303.6405714285713, 0.013507485244481145, 901033826.5831844, 634
15, 50, 309.7657142857142, 0.013587341107104, 899416053.0476899, 675
16, 50, 323.50457142857135, 0.01377656213359543, 898561371.0479084, 717
17, 50, 338.5931428571428, 0.013701456580699429, 897989177.5837729, 757
18, 50, 329.81828571428565, 0.013588611995815427, 905316466.1377236, 797
19, 50, 324.08342857142844, 0.013385112933095428, 904711412.4945215, 837
20, 50, 325.57657142857124, 0.01352073360897429, 903566073.868434, 876
21, 50, 310.27999999999986, 0.013609048034672578, 898826448.0957566, 915
22, 50, 288.5645714285713, 0.013562617183385146, 899778452.3727165, 954
23, 50, 308.2234285714284, 0.013444331101907424, 908902047.271357, 991
24, 50, 291.2388571428571, 0.013404155120482857, 909839435.4627597, 1028
25, 50, 283.08285714285716, 0.013382112300756574, 911973345.0641795, 1064
26, 50, 294.3251428571427, 0.013308853765285717, 915537068.6246718, 1100
27, 50, 311.6588571428571, 0.013202772404224001, 916617088.9432807, 1137
28, 50, 292.16342857142854, 0.01328920784875657, 914339609.0143639, 1172
29, 50, 288.46857142857135, 0.013288593382307423, 915322248.2588185, 1207
30, 50, 289.13199999999995, 0.013158160187071994, 916405103.8892277, 1243
31, 50, 255.92571428571426, 0.013360582284378857, 915686136.55259, 1278
32, 50, 266.96342857142855, 0.01327421028669886, 917645030.9383813, 1313
33, 50, 278.036, 0.01320256783030457, 918049457.8758972, 1346
34, 50, 264.5628571428571, 0.013180580670278285, 924196130.4112768, 1380
35, 50, 287.52057142857143, 0.013271057229886855, 928118500.7049911, 1413
36, 50, 280.7748571428571, 0.013067778131598285, 928221085.3467114, 1445
37, 50, 274.9508571428571, 0.013099117953862285, 927314505.0275674, 1477
38, 50, 285.5754285714285, 0.013259837424739431, 924944764.073566, 1509
39, 50, 273.4394285714285, 0.013087843110526284, 932652539.6039473, 1541
40, 50, 286.98799999999994, 0.013272539727832574, 928528460.9330225, 1573
41, 50, 284.58,0.013164824801156574, 931655532.6791061, 1604
42, 50, 286.37714285714276, 0.013060833155741141, 932385147.4464126, 1634
43, 50, 285.5982857142857, 0.01279318111768857, 936974604.4303622, 1665
44, 50, 289.3914285714285, 0.01282118219978343, 932001264.0213374, 1697
45, 50, 286.34799999999996, 0.013132550726606861, 927514162.0802264, 1727
46, 50, 282.74799999999993, 0.013325530828795434, 924749624.9553183, 1757
47, 50, 285.49542857142853, 0.012985776793224577, 934145991.2447995, 1787
48, 50, 287.8022857142857, 0.012975040505945147, 934162436.30057, 1816
49, 50, 288.1325714285714, 0.013176610481645716, 926663838.4303244, 1845
50, 50, 278.68628571428572, 0.012835556856441143, 1862914798.6070173, 1873
